{
  "threshold": 0.40000000000000013,
  "precision": 0.7743010285383167,
  "recall": 0.8763731759304804
}