group,importance
Payment Behavior,0.4896518065505677
Engagement,0.19720461121012278
Customer Support,0.16110246502011769
Demographics,0.11515421224591907
Subscription,0.03688690497327283
